Nintendo	Nintendo	PC	Sony	Nintendo	Nintendo	Nintendo	Nintendo	Nintendo	Nintendo	Nintendo	Nintendo	Nintendo	Sony	Sony	Sinclair	Commodore	Sega	Sony	NEC	SNK	Sega	Sega	Sony	Microsoft	Microsoft	Pico-8	Arcade
N64	Gamecube	Windows	PS3	Gameboy	GBA	NES	SNES	Switch	Wii	DS	3DS	Wii U	PSP	PS Vita	ZX Spectrum	Amiga	Megadrive	PS2	TurboGrafx-16/PC Engine	Neo-Geo	Sega Master System	Dreamcast	PS1	XBOX	XBOX360	Pico-8	Arcade
1080° Snowboarding	Baten Kaitos: Eternal Wings and the Lost Ocean	9-Bit Armies	3D Dot Game Heroes	Adventures of Lolo	A Sound of Thunder	Abadox	Adventures of Batman & Robin, The	The Messenger	A Boy And His Blob	999	3DS Classics Lineup SEGA Ages	Affordable Space Adventures	3rd Birthday The	10 Second Ninja X	AMAUROTE	Resolution 101	Adventures of Batman & Robin	2500 – SEGA Ages: Virtua Fighter 2	Alien Crush	Aero Fighters 2/Sonic Wings 2	Aladdin	18 Wheeler American Pro Trucker	70s Robot Anime Geppy X	2K Sports	Alan Wake	Alpine Alpaca	1-on-1 Government
Aero Fighters Assault	Battalion Wars	Aeterna Noctis	Alpha Protocol	Aerostar	Alien Hominid	Adventure Island	 Aladdin	Dex	A Shadows Tale	Age of Empires: Age of Kings, and Mythologies	7th Dragon III Code VFD	AMC The Walking Dead	Akumajou Dracula X - Chronicle	Air Race Speed	Anarchy	Alcatraz	Aero Blasters	Adventures of Cookie & Cream	Beyond Shadowgate	Aero Fighters 3/Sonic Wings 3	Alien 3	4 Wheel Thunder	Ace Combat	Advent Rising	Alpha Protocol	Cab Ride	64th Street: A Detective Story
Aidyn Chronicles: The First Mage	Billy Hatcher and the Giant Egg	Against Great Darkness	Back To The Future - The Game	Amazing Penguin	Astro Boy: Omega Factor	Adventure Island 2	 Alien 3	Road Redemption	Back to the future	Aliens: Infestation	Attack of the Friday Monsters!	Art Academy: SketchPad	Black Rock Shooter - The Game	Bunny Must Die Chelsea and the 7 Devils	AUF WIEDERSEHEN, MONTY	Conqueror	Aerobiz Supersonic	Alien Hominid	Blazing Lazers	Alpha Mission 2 aka ASO II : Last Guardian	Astro Warrior	4×4 Evolution	Alundra	American McGee Presents Scrapland	Beautiful Katamari	Combo Pool	99 The Last War
Bakuretsu Muteki Bangaioh (Bangai-O)	Cubivore: Survival of the Fittest	American Arcadia	Binary Domain	Another Bible	Baldur's Gate: Dark Alliance	Adventures of Lolo	 Axelay	Fight'N Rage	Batman the brave and the bold	Away shuffle dungeon	Attack On Titan: Humanity In Chains	Avengers battle for Earth	Brave Story - New Traveler	Certain Magical Virtual-On A	BATMAN: THE CAPED CRUSADER	The Gold of the Aztecs	Air Buster (Aero Blasters)	Aliens vs Predator: Extinction	Bonk Series	Andro Dunos	Aztec Adventure	Alien Front Online	Alundra 2	American McGee’s Scrapland	Blue Dragon	Curse of the Lich King	A.B.Cop
BattleTanx: Global Assault	Custom Robo	Angel At Dusk	Bound By Flame	Asterix: Search for Dogmatix	Ballistic Ecks vs Sever	Air Fortress	 Blackthorne	Chained Echoes	Battleship	B Team Metal Cartoon Squad	Azure Striker Gunvolt	Axiom verge	Bust-A-Move - Deluxe	Chasm	BEHIND CLOSED DOORS	Birds of Prey	Alex Kidd	Aqua Aqua	Chew Man Fu	Art of Fighting Series	Bank Panic	Alone in the Dark: The New Nightmare	Ape Escape	Armed & Dangerous	Bullet Witch	Golf Sunday	Alien vs Predator
Beetle Adventure Racing	Def Jam: Fight for NY	Anode Heart	Bulletstorm	Avenging Spirit	Banjo-Kazooie: Grunty's revenge	Arkista's Ring	 Breath of Fire	Shakedown Hawaii	Bit Trip Complete	Bangai-o Spirits	Bravely Default Games	Bayonetta 2	Crimson Gem Saga	DRAGON QUEST BUILDERS	BIONIC COMMANDO	Citadel	Alien Soldier	Ar Tonelico	Devils Crush	Bang Bead	Batman Returns	Armada	Arc the Lad Collection	Armed and Dangerous	Conan	High Stakes	Armed Police Batrider
Blast Corps	Doshin the Giant	Anomaly Agent	Castle Crashers	Azure Dreams	Battle B-Daman Fire spirits	Batman	 Breath of Fire II	Sunset Riders	Blast Works	Bejewelled 3 (Butterflies Mode)	Bravely Second	Cabelas dangerous hunt	Crush	Exist Archive	BOOTY	Infestation	Alisia Dragoon	Arc the Lad: Twilight of the Spirits	Fatal Fury	Baseball Stars Pro 2	Bomber Raid	Bangai-O	Asuka 120 Final Burning Festival	Arx Fatalis	Condemned: Criminal Origins	Porklike	Armored Warriors
Body Harvest	Eternal Darkness	Anomaly Collapse	Dark Sector	Ballistic	Bionicle Heroes	Batman: The Video Game	 Bust-A-Move	Cadence of Hyrule	Boom Blox	Big Bang Mini	Cave story 3D	Captain Toad: Treasure Tracker	Darkstalkers Chronicle - The Chaos Tower	Flame Over	Brewery	Cavitas	Atomic Runner	Arcana Heart	Godzilla	Blazing Star	Choplifter	Blue Stinger	Azure Dreams	Baldur’s Gate	Culdcept Saga	The Lost Night	Bank Panic
Buck Bumble	Geist	Astrolancer	Deadly Premonition: Director’s Cut	Balloon Kid	Blackthorne	Battletoads	 Chrono Trigger	The Plucky Squire	Calling	Blood of Bahamut	Code Name STEAM	Cars 3	Dead Head Fred	Football Game	CABAL	Midwinter II: Flames of Freedom	BatteTech: A Game of Armored Combat	Atelier Iris	Legendary Axe	Blues Journey/Raguy	Cloud Masteras	Bomber Hehhe!	Ball Breakers	Beyond Good and Evil	Divinity II: The Dragon Knight Saga	Trial of the Sorcerer	Boogie Wings
Castlevania: Legacy of Darkness	Gladius	Back to the Dawn	Disgaea D2: A Bright Darkness	Balloon Fight	Blendre bros	Bionic Commando	 Contra III - The Alien Wars	Little Kitty: Big City	Cruisin	Boulder Dash Rocks	Code of Princess	Devil's Third	Disgaea - Afternoon of Darkness	GRAVITY RUSH	Carrier command	Blob	Battle Mania/Trouble Shooter Series	Bard’s Tale	Lords of the Rising Sun	Breakers	Cyborg Hunter	Bomberman Online	Ballistic	Blinx	Enchanted Arms	Wizards Rule	Bullet
Chameleon Twist	Godzilla: Destroy All Monsters Melee	Bat Boy	Dragon's Crown	Banishing Racer	Boktai: The Sun is in Your Hand	Blaster Master	 Death and Return of Superman	A Short Hike	Cursed Mountain	Chronos twin	Corpse Party	Ducktales remastered	Dissidia 012 - Duodecim Final Fantasy	Jet Set Radio	CASTLE MASTER	Shadowlands	Battletoads	Battle Engine Aquila	Lords of Thunder	Breakers Revenge	Double Dragon	Border Down	Bloody Roar 2: The New Breed	Blood Omen 2	Eternal Sonata		Change Air Blade
Charlie Blasta's Territory	Gotcha Force	Bears in Space	Enchanted Arms	Battle Arena Toshinden	Bookworm	Bubble Bobble	 Demon's Crest	Sea Of Stars	Dawn of Discovery	Contact	Crashmo	Elliot Quest	Echochrome	Knytt Underground	CAULDRON	Storm Master	Beggar Prince	Berserk	Military Madness	Bust-A-Move/Puzzle Bobble	Enduro Racer	Bust-A-Move 4	Boombots	Breakdown	F.E.A.R.		Cotton 2: Magical Night Dreams
Conker’s Bad Fur Day	Ikaruga	Beat Slayer	Enslaved: Odyssey to the West	Battle Crusher	Boulder Dash EX	Captain America and the Avengers	 E.V.O. - Search for Eden	Neon White	De Blob	Contra 4	Crimson Shroud	Fast Racing Neo	Every Extend Extra	LittleBigPlanet	Chase HQ	Statix	Beyond Oasis	Blood Will Tell	Neutopia	Captain Tomaday	Gangster Town	Cannon Spike	Brave Fencer Musashi	Broken Sword: The Sleeping Dragon	Fatal Frame II: Crimson Butterfly		Crazy Climber 2
Destruction Derby 64	Killer7	Berserk Boy	Eternal Sonata	Battle Unit Zeoth	Boxing Fever	Chip n’ Dale Rescue Rangers	 EarthBound	Bear And Breakfast	Dead Space Extraction	Cookie & Cream	Crush	Game & Wario	Exit	Lost Dimension	CHUCKIE EGG 2	Apocalypse	Biohazard Battle	Bloody Roar 3	Ninja Spirit	Crossed Swords	Global Defense	Capcom vs SNK	Bugs Bunny & Taz: Time Busters	Brute Force	Gears Of War: Judgment		Dark Edge
Dezaemon 3D	Kinnikuman Legends	blur	Fat Princess	Bionic Commando: Elite Forces	Breath of Fire Series	Clash at Demonhead	 Earthworm Jim	Dave The Diver	Deadly Creatures	core	Culdcept Revolt	Giana Sisters	Gradius Collection	MOTORSTORM RC	COBRA	RoboCop 3	Bishoujo Senshi Sailor Moon	Bombastic	Parasol Stars	Cyber Lip	Golvellius Valley of Doom	Carrier	Bugs Bunny: Lost in Time	Buffy the Vampire Slayer	Infinite Undiscovery		Defender
Diddy Kong Racing	Lord of the Rings Return of the King	Book of Travels	Folklore	Bomber King 2	Broken Sword: The Shadow of the Templars	Codename: Viper	 Earthworm Jim 2	InnerSpace	Death Jr	Corpse Party	Devil Survivor 1 & 2	Lego City Undercover	Gunpey	Muramasa Rebirth	CONTACT SAM CRUISE	Pacific Islands	Bonanza Brothers	Breath of Fire: Dragon Quarter	Pomping World / Buster Brothers	Double Dragon	Hang-On	Castle of Shikigami 2	Builders Block	Call of Cthulhu: Dark Corners of the Earth	Kingdoms Of Amalur: Reckoning		Dig Dug
F-1 World Grand Prix	Lost Kingdoms	Break The Loop	Heavenly Sword	Blaster Master Boy	Bruce Lee: Return of the Legend	Contra	 Fatal Fury 2	SpiritSphere DX	Dewy's adventure	Crimson Shroud	Dragon Ball Z: Extreme Butoden	Liberation Maiden	Gurumin - A Monstrous Adventure	Mystery Chronicle One Way Heroics 	DAN DARE 3	Fireforce	Buck Rogers: Countdown to Doomsday	Bujingai: The Forsaken City	R-Type	Eight Man	Jurassic Park	Chaos Field	Bushido Blade	Cold Fear	Lost Odyssey		Drift Out '94
Forsaken 64	Metal Arms	Breathedge	Kingdoms of Amalur: Reckoning	Blaster Master: Enemy Below	Bubble Bobble: Old and New	Crystalis	 Final Fight	Lost Sphear	Disney Guilty Party	Dragon Quest Heroes: Rocket Slime	Dragon Quest VIII	Nano Assault Neo	Hakuoki - Demon of the Fleeting Blossom	Neon Chrome	DEFLEKTOR	Deliverance	Cannon Fodder	Castle Shikigami 2	S.L.A.I.: Steel Lancer Arena International	Fatal Fury Series	Kenseiden	Charge N Blast	Bushido Blade 2	Conker: Live and Reloaded	Magna Carta 2		Enforce
Gauntlet Legends	Minority Report: Everybody Runs	Card Hog	Lair	Block Kuzushi	Car Battler Joe	Darkwing Duck	 Flashback - The Quest for Identity	Yonder: The Cloud Catcher Chronicles	Dragonball, Revenge of king Piccolo	Elite Beat Agents	Etrian Odyssey 4: Legends Of The Titan	Ninja gaiden 3	Half-Minute Hero	Nidhogg	DYNAMITE DAN 1	Cybercon III	Castle of Illusion Starring Mickey Mouse	Champions: Return to Arms	Silent Debuggers	Flip Shot	King’s Quest	Chu Chu Rocket	Bust-A-Move	Crimson Skies: High Road to Revenge	Ninety-Nine Nights		Equites
Goemon’s Great Adventure	Odama	Crop Rotation	MAG	Boktai	castlevania arya of sorrow	Déjà Vu	 Gradius III	Rime	Eledees	Ever Oasis	Ever Oasis	Nintendo Land	Hammerin Hero	Organ Trail	DYNAMITE DAN 2	Historyline 1914-1918	Castlevania Bloodlines	Cold Fear	Soldier Blade	Galaxy Fight – Universal Warriors	Laser Ghost	Confidential Mission	Buster Bros Collection	Dead or Alive 3	Phantasy Star Universe		Explosive Breaker
Harvest Moon 64	P.N.03	Crosscode	Magus	Booby Boys	Chu Chu Rocket	Double Dragon II: The Revenge	 Illusion of Gaia	Oxenfree	Emergency Heroes	Flower, Sun, and Rain	Fantasy Life	Pacman and the Ghostly adventures	Hexyz Force	Phantom Breaker  Battlegrounds 	Exolon	Thunderhawk AH-73M	Championship ProAm	Cold Winter	Somer Assault/Mesopotamia	Ghost Pilots	Lemmings	Cool Cool Toon	Carnage Heart	Destroy All Humans!	Project Sylpheed		Fast Lane
Hybrid Heaven	Red Card soccer	Curse of the Dead Gods	Mars: War Logs	Boulder Dash	Colin McRae Rally 2.0	Dragon Warrior III	 International Superstar Soccer	Wizard Of Legend	ExciteBots	Freshly-Picked Tingle's Rosy Rupeeland	Final Fantasy Explorers	Pushmo World	Holy Invasion of Privacy Badman What Did I Do to Deserve This	Pic-a-Pix Color	ERIC AND THE FLOATERS	Escape from Colditz	Combat Cars	Contra Shattered Soldier	Splash Lake	Goal Goal Goal	Master of Darkness	Cosmic Smash	Civilization II	Destroy All Humans! 2	Risen		Fever S.O.S.
Hydro Thunder	Sega Soccer Slam	Dark Envoy	ModNation Racers	bubble bobble 2	crash bandicoot xs	Dragon Warrior IV	 Joe & Mac 2 - Lost in the Tropics	Owlboy	FlingSmash	Ghost Trick: Phantom Detective	Ghost Recon: Shadow Wars	Run Bo Deluxe	Initial D - Street Stage	PixelJunk Shooter Ultimate 	Everyone's Wally	Corporation	Comix Zone	Crimson Sea 2	Splatterhouse	Gururin	Masters of Combat	Crazy Taxi	Colin McRae Rally	Deus Ex: Invisible War	Shadowrun		Finest Hour
Indiana Jones and the Infernal Machine	Serious Sam	Decimate Drive	Motorstorm Apocalypse	Bubble Ghost	Crash nitro cart	Duck Hunt	 Jungle Strike	Sayonara Wild Hearts	Flips	Grand Theft Auto: Chinatown Wars	HarmoKnight	Runbow	Jeanne dArc	RESOGUN	Fairlight	Sabre Team	Contra: Hardcore	Crimson Tears	Street Fighter 2	Iron Clad / Chotetsu Bri’kinger (Neo-Geo CD)	Miracle Warriors	Crazy Taxi 2	Cotton Original/Cotton 100%	Doom 3	Splatterhouse		Fire Trap
Jet Force Gemini	Smashing Drive	Devil Blade Reboot	Nier	Bugs Bunny in Crazy Castle Series	Crazy Chase	DuckTales	 Ken Griffey Jr.'s Winning Run	Untitled Goose Game	Generator Rex: Agent of Providence	Hotel Dusk: Room 215	Heroes of Ruin	Snoopys Grand Adventure	Knights in the Nightmare	Retro City Rampage DX	FAT WORM BLOWS A SPARKY	Lamborghini American Challenge	Cool Spot	Darkwatch	Strider	Irritating Maze (Ultra Denryu Iraira Bou)	Ninja Gaiden	Dave Mirra Freestyle BMX	Cyberbots	Dreamfall: The Longest Journey	Tales of Vesperia		G-Stream 2020
LEGO Racers	Ssx tricky	dirt 2	No More Heroes: Heroes’ Paradise	Space Marauder	Dave Mirra Freestyle BMX	DuckTales 2	 Killer Instinct	Spiritfarer	Ghost Squad	Infinite Space	Ironfall Invasion	Starfox guard	Legend of Heroes The - Trails in the Sky	Reverie	Finders keepers	The Lost Treasures of Infocom	Crusader of Centy	Destroy All Humans! 2	Super Star Soldier	Joy Joy Kid (Puzzled)	Penguin Land	Daytona USA 2001	Darkstalkers 3	Dungeons & Dragons: Heroes	Tenchu Z		Gaia Crusaders
Lode Runner 3D	True crime NY	dirt showdown	PlayStation All-Stars: Battle Royale	Burai Fighter Deluxe	Defender of the Crown	EarthBound Beginnings	Faxanadu	Gris	Godzilla: Unleashed	Izuna	Kingdom Hearts Dream Drop Distance	Tank tank	Lemmings	Riddled Corpses EX	Firefly	Bloodwych	Cyborg Justice	Deus Ex: The Conspiracy	Syd Mead’s Terraforming	King of Fighters Series	Power Strike (Aleste)	Dead or Alive 2	Darkstone	Fable	Too Human		Galactic Storm
Mace: The Dark Age	Vexx	Echo Generation	Puppeteer	Cannon Fodder	Demikids	Faxanadu	 Lion King,	Slay The Spire	Gormiti: The Lords of Nature!	Kururin Donuts	Langrisser Re Incarnation Tensei	The Wonderful 101	LocoRoco 2	Saturday Morning RPG	FOOTBALLER OF THE YEAR 1 & 2	Deuteros: The Next Millennium	Dangerous Seed	Devil Summoner	Time Cruise	Kizuna Encounter	Power Strike II	Deep Fighter	Dead or Alive	Far Cry	Viking: Battle For Asgard		Galaga
Magical Tetris Challenge	Viewtiful Joe: Red Hot Rumble	En Garde!	Resonance Of Fate	Cat Trap / Pitman	Denki Blocks	Galaga	 Lost Vikings	Cadence Of Hyrule: Crypt Of The NecroDancer	Heavy Fire: Afghanistan	Legend of Kage 2	LBX	Tokyo Mirage Sessions	Lumines II	Sayonara UmiharaKawase 	FORMULA ONE	Gem’X	Dick Tracy	Disaster Report	Vasteel	Last Blade Series	Psycho Fox	Ecco The Dolphin: Defender of the Future	Destrega	Fatal Frame			Ganryu
Mickey’s Speedway USA	Yu Gi Oh Falsebound Kingdom	Ereban: Shadow Legacy	Singularity	Cave Noire	Desert Strike Advance	Gargoyle's Quest II: The Demon Darkness	 Lufia II - Rise of the Sinistrals	Night In The Woods	Hidden Mysteries: Titanic	Life signs	Legend of Legacy	Type	Lumines - Puzzle Fusion	Severed	GHOULS ‘N’ GHOSTS	Fly Harder	Disney's Aladdin	DoDonPachi Dai-Ou-Jou	World Heroes	Last Resort	Putt & Putter / Minigolf	Elemental Gimmick Gear	Devil Dice	Ehrgeiz			Gigandes
Mischief Makers	Monsters Inc. Scream Arena	Evil Tonight	Spec Ops: The Line	Chalvo 55 Super Puzzle Action	Disney’s Lilo & Stitch	Gem Smashers	 Madden NFL '94	Shovel Knight: Treasure Trove	Hollow Knight	Madworld	Line Rider Freestyle	Vector wars	Macross Ace Frontier	Shinobido 2 Revenge of Zen 	GRAND NATIONAL	Flood	Disney's Lion King	Dog’s Life	Ys Book 1	League Bowling	Quartet	Evolution 2: Far Off Promise	DoDonPachi	Freedom Fighters			Grand Cross Pinball
Monaco Grand Prix	I-ninja	Firewatch	The Eye of Judgment	Chikyuu Kaihou Gun ZAS	Double Dragon Advance	Gremlins 2: The New Batch	 Magical Quest Starring Mickey Mouse	CrossCode	Hot Wheels: Track Attack!?	Lost in Blue	Lord of Magna Maiden Heaven	Xenoblade Chronicles X	OutRun 2006 - Coast 2 Coast	Sorcery SagaCurse of the Great Curry God	Green Beret	Damocles: Mercenary II	Donald in Maui Mallard	DogStation	Ys Book 2	Magical Drop 3	Rainbow Islands	Evolution: The World of Sacred Device	DonPachi	Fusion Frenzy			Guardian Storm
Ms. Pac-Man Maze Madness	Hello Kitty Roller Rescue	Flathead	The Legend of Heroes: Trails of Cold Steel	Chrono Trigger	Dragon Ball Z: Buu's Fury	Gun Smoke	 Metal Warriors	Cuphead	Ice Age: Dawn of the Dinosaurs	LostMagic	MH 4U & MH Generations	Zen Pinball	Parodius Portable	Superfrog HD	Head over Heels	Virocop	Double Dragon	Dr. Muto		Magician Lord	Rampage	F355 Challenge Passione Rossa	Driver	Futurama			Guardians
Mystical Ninja Starring Goemon		Freakhunter	The Saboteur	Crayon Shin-Chan 4	Dragon Ball Z: The Legacy of Goku II	Gun-Nac	 Mortal Kombat II	Hades	Ivy The Kiwi?	Lufia: Curse of the Sinistrals	Moco Moco Friends	Zombie R	Patapon 3	Super Stardust Delta	Hydrofool	Legend	Dr. Robotniks Mean Bean Machine	Drakan: The Ancient’s Gates		Matrimelee	Rescue Mission	Fatal Fury: Mark of the Wolves	Dynasty Warriors	Galleon			Gun Master
NBA Hangtime		Frogmonster	Tokyo Jungle	Crystalis	Drill Dozer	Ikari Warriors	 NBA Jam	Animal Well	Kamen Rider Dragon Knight	Luminous Arc 1 & 2	Nano Assault		Prinny - Can I Really Be the Hero	Surge Deluxe	Ivan Ironman's Super offroad	Jetstrike	Dragon Ball Z: Bu Yu Retsuden	Drakengard		Metal Slug Series	Road Rash	Fighting Vipers 2	Echo Night	Genma Onimusha (Onimusha Warlords)			Gunball
Ogre Battle 64: Person of Lordly Caliber		Go Mecha Ball	Valkyria Chronicles	Dead Heat Scramble	Egg Mania	Jackal	 NHL '94	Undertale	Kid Adventures: Sky Captain	Magician’s Quest: Mysterious Times	Okami		Pursuit Force	Table Top Racing	Jack The Nipper In Coconut Capers	Nitro	Dynamite Hedy	DreamMix TV: World Fighters		Money Puzzle Exchanger	Sagaia (Darius II)	Fire Pro Wrestling D	Frame Gride	Grabbed by the Ghoulies			Gunbarich
Pilotwings 64		Gravity Circuit	Vanquish	Dexter’s Laboratory: Robot Rampage	Final Fantasy Games	Jurassic Park	 Ogre Battle The March of the Black Queen	Celeste	Kororinpa Marble Mania	Mazes of fate	Persona Q 1 & 2		Rengoku II - The Stairway to H.E.A.V.E.N.	Tearaway	JOE BLADE III	Space Crusade	Dune: The Battle for Arrakis	Dynamite Headdy		Neo Bomberman	Scramble Spirits	Floigan Brothers	Einhander	Guilty Gear X			Gundhara
Quest 64		HROT	Yakuza 5	Dexterity	Final Fight One	Kabuki Quantum Fighter	 Out of this World	 Legend of the Mystical Ninja	Let's Tap	Mech assault	Phoenix Wright & Prof Layton Games		Riviera - The Promised Land	Neverland Card Battles	The Binding of Isaac - Rebirth	JUMPING JACK	Earthworm Jim	Dynasty Tactics		Neo Mr Do	NAM 1975	Solomon’s Key	Elemental Gearbolt	Gun			Gunnail
Ridge Racer 64		Huntdown		Disney’s Tarzan	Flame of Recca	Klax	 Pilotwings		Lost in Shadow	Meteos	Picross 3D		R-Type Tactics	The Long Reach	KARNOV	Ruff ‘n’ Tumble	Ecco The Dolphin	Enthusia: Professional Racing		Neo Turfmasters	Spellcaster	Fur Fighters	Exhumed/Poweslave	GunValkyrie			Heavy Smash
Road Rash 64		immortals fenyx		Disney’s The Jungle Book: Mowgli’s Wild Adventure	Frogger's adventures: Temple of the frog	Krusty’s Fun House	 Pocky & Rocky 2		Manhunt II	Might & Magic Clash Of Heroes	Picross 3D: Round 2		Split-Second	The Swapper	KNIGHT TYME	Yo! Joe!	Elemental Master	Escape From Monkey Island		Nightmare in the Dark	The Ninja (Sega Ninja)	Giant Gram 2000: All Japan Pro Wrestling 3	Final Fantasy Tactics	Half-Life 2			Hot Chase
Robotron 64		Kena		Disney’s The Lion King: Simba’s Mighty Adventure	Frogger's adventures: The lost wand	Legacy of the Wizard	 Populous		Marble saga kororimpa	Monster Tale	Pocket Card Jockey		Tactics Ogre - Let Us Cling Together	Titan Souls	KRAKOUT	Paradroid 90	Eliminate Down	ESPGaluda		Ninja Commando	Time Soldiers	Giant Gram: All Japan ProWrestling 2	Frogger 2: Swampys Revenge	Headhunter: Redemption			Hyper Duel
Rush 2049		Kingsvein		Donald Duck: Goin’ Quackers	Game and Watch Gallery 4	Life Force	 R-Type III		Marbles Balance Challenge	Nanostray 1 & 2	Project X Zone		Taito Legends Power-Up	TxK	M.O.V.I.E.	King’s Bounty	Eternal Champions	Eternal Poison		Ninja Masters	Ultima IV:	GigaWing	Future Cop: LAPD	I-Ninja			I, Robot
S.C.A.R.S.		Library Of Ruina		Dr. Franken 1 & 2	Gekido advance	Little Nemo: The Dream Master	 Rock n' Roll Racing		Medal of Honor: Heroes 2	Nine Hours, Nine Persons, Nine Doors	Pushmo		Tales of Eternia	Velocity2X	MAKE A CHIP	Banshee	Faery Tale Adventure	Everblue 2		Overtop	Zillion	GigaWing 2	G-Darius	Indiana Jones and the Emperor’s Tomb			Ichidant-R
San Francisco Rush 2049		manifold garden		DragonHeart	Genseijin Justirisers	Little Samson	 Secret of Mana		Monster 4x4: Stunt Racer	Ninja Gaiden Dual Sword	Radiant Historia Perfect Chronology		Tales of the World - Radiant Mythology	Volume	MATCH POINT	Odyssey	Fire Shark	FantaVision		Panic Bomber		Grandia 2	G-Police: Weapons of Justice	Indigo Prophecy			In the Hunt
Shadow Man		Mining Mechs		Dropzone/Dropzone Color	Ghost Rider	Magic of Scheherazade	 Shadowrun		Monster lab	Nostalgia	Rhythm Heaven Megamix		Tenchu - Shadow Assassins	WantedCorp.	Minder	Super Tennis Champs	Flashback: The Quest for Identity	Fire Pro Wrestling Returns		Prehistoric Isle 2		Guilty Gear X	Galerians	Jade Empire			Juno First
Shiren the Wanderer 2		Mo: Astray		Elevator Action	Go! Go! Beckham Adventure on Soccer Island	Magic of Scheherazade	 SimCity		Muramasha the Demon Blade	Okamiden	Rune Factory 4		Tokobot		MY NAME IS UNCLE GROUCHO	Roadkill	Forgotten Worlds	Flipnic		Pulstar		Gunbird 2	Gamera 2000	Jet Set Radio Future			Kingdom Grand Prix
Snowboard Kids		Narita Boy		Fastest Lap	Godzilla: Domination	Monster Party	 Soul Blazer		Mushroom Men the Spore Wars	Ontomarama	Sadame		Ultimate Ghosts n Goblins		OVERLANDER	Qwak	Gain Ground	Flower, Sun, and Rain		Rage of the Dragons		Gundam Side Story: 0079	Geikido	Judge Dredd: Dredd vs. Death			Koutetso Yousai Strahl
Snowboard Kids 2		Nidus		Fighting Simulator 2-in-1: Flying Warriors	Golden sun	Mr. Gimmick	 Sparkster		MX vs ATV Untamed	Picross DS	Sega 3D Classics		Umihara Kawase Portable		Quazatron	Dynablaster	Garfield: Caught in the Act	Freedom Fighters		Samurai Shodown Series		Headhunter	Ghost In The Shell	Kung Fu Chaos			Kyukyoku Sentai Dadandarn (Monster Maulers)
Space Station Silicon Valley		offroad mechanic simulator		Flipull	Goodboy Galaxy	Ninja Gaiden	 Spider-Man - Venom		Need For Speed Nitro	Point Blank DS	Shantae and the Pirate's Curse		Valkyria Chronicles II		PIPPO	No Second Prize	Gauntlet IV	Frequency		Savage Reign		Heavy Metal: Geomatrix	Gradius Gaiden	Mace Griffin: Bounty Hunter			Lethal Crash Racer
Star Wars Episode I: Battle for Naboo		Pampas & Selene: The Maze of Demons		Gameboy Wars Turbo	Gradius Galaxies	Ninja Gaiden II: The Dark Sword of Chaos	 Star Fox		No More Heroes 1 & 2	Retro Game Challenge	Shin Megami Tensei IV		What Did I Do to Deserve This My Lord 2		Pyjamarama	Stardust	Gemfire	Gadget Racers (Choro Q HG)		Sengoku 3		House of the Dead 2	Gran Turismo 2	Madden			Lethal Thunder
StarCraft 64		Paradise Killer		Gamera	GT Advance Series	Ninja Gaiden III: The Ancient Ship of Doom	 Street Fighter Alpha 2		Overlord Dark Legend	Rhapsody	Shin Megami Tensei: Devil Survivor Overclocked		Wild Arms XF		R-type		General Chaos	Galactic Wrestling		Shock Troopers		Hydro Thunder	Guardians Crusade	Marc Ecko’s Getting Up: Contents Under Pressure			Lock On
Tetris 64		Path Of Achra		Gargoyle’s Quest	Guilty Gear X	Platoon	 Street Fighter II Turbo		Pandora's Tower	Ripened Tingle's Balloon Trip of Love	Shin Megami Tensei: Strange Journey Redux		WTF - Work Time Fun		Rainbow islands		Ghouls N Ghosts	Garou: Mark of the Wolves (Fatal Fury: MOTW)		Shock Troopers: 2nd Squad		Ikaruga	Guilty Gear	Marvel: Ultimate Alliance			Mappy
Tetrisphere		pedestrian		Gensan 2	gunstar future heroes	Punch-Out!! Featuring Mr. Dream	 Stunt Race FX		Penguins of Madagascar	Rune Factory	Shinobi 3D		Yggdra Union		RANARAMA		Gleylancer	Genji: Dawn of the Samurai		Soccer Brawl		Illbleed	Gundam Battle Assault	MechAssault			Metal Hawk
The New Tetris		Phoenotopia Awakening		Gourmet Paradise	Gunstar Super Heroes	R.C. Pro-Am	 Sunset Riders		Pirate vs Ninja dodgeball	Rune Factory 3: A Fantasy Harvest Moon	SMT Devil Summoner Soul Hackers		Ys Seven		Revolution		Golden Axe	Ghosthunter		Spinmaster		Incoming	Gunners Heaven/Rapid Reload	Mercenaries: Playground of Destruction			Mille Miglia - The Great 1000 Mile Rally
Top Gear Overdrive		Rain on Your Parade		Great Greed	Hi Hi Puff Amiyumi: Kaznapped	Ring King	 Super Bomberman		Pirates Plundarrr	Sands of Destruction	SMT IV Apocalypse		Z.H.P. - Unlosing Ranger vs. Darkdeath Evilman		Rick Dangerous		Granada	Gigawing: Generations		Street Hoops		Iron Aces	Harmful Park	Metal Arms: Glitch in the System			Mystic Warriors
Top Gear Rally		Rain World		Hammerin’ Harry: Ghost Building Company	Hot Potato	River City Ransom	 Super Bomberman 2		Pitfall: The Big Adventure	Shin Megami Tensei: Strange Journey	SMT Strange Journey Redux				Robocop 2		Gunstar Heroes	Gitaroo Man		Strikers 1945+		Jet Coaster Dream	Heart of Darkness	Myst IV			Name That Tune
Turok 3: Shadow of Oblivion		Raw Metal		Hamtaro: Ham-Hams Unite!	Invader	Robo Warrior	 Super Double Dragon		Red Steel 2	Shinobi 3D	SteamWorld Dig 2				ROCK STAR ATE MY HAMSTER		Gynoug	Goblin Commander: Unleash the Horde		Super Baseball 2020		Jet Coaster Dream 2	Hercs Adventure	NBA Live			Nebulous Ray
Vigilante 8		Retro Machina		Heiankyo Alien	Iridion II	Shatterhand	 Super Ghouls'n Ghosts		Rhythm Heaven Fever	SMT Strange Journey	SteamWorld Heist				RUN THE GAUNTLET		Gyrus	God Hand		Super Dodgeball		Jet Grind Radio	Incredible Crisis	Nightcaster			Night Slashers
Wetrix		reus		Ikari no Yousai 2	It’s Mr. Pants	Smash TV	 Super Punch-Out!!		Rodea The Sky Soldier	SNK Vs. Capcom: Card Fighters DS	Stella Glow				SHOCKWAY RIDER		Herzog Zwei	Graffiti Kingdom		SVC Chaos: SNK vs. Capcom		Jet Set Radio	Intelligent Qube	Ninja Gaiden			Numan Athletics
World Driver Championship		reus 2		Inspector Gadget	Jackie Chan adventures	Solar Jetman	 Super Star Wars		Roogoo: Twisted Towers	Solatorobo: Red The Hunter	Super Pokémon Rumble				Sentinel		Jungle Strike	Grand Prix Challenge		Thrash Rally		JoJos Bizzarre Adventure	IS: Internal Section	Obscure			Omega Fighter
		Robobeat		Jida Igeki	James Bond	StarTropics	 Super Star Wars - Return of the Jedi		Rooms	Soul Bubbles	Tales Of The Abyss				Space crusede		Kid Chameleon	Gregory Horror Show		Top Hunter – Roddy & Cathy		Karous	Jade Cocoon: Story of the Tamamayu	Oddworld: Munch’s Oddysee			Oni: The Ninja Master
		Saviorless		Kaeru no Tameni Kaneha Naru	Jet Grind Radio	Street Fighter 2010: The Final Fight	 Super Star Wars - The Empire Strikes Back		Rubik's world	Soul of darkness	The Amazing Spider-Man				SOFTWARE STAR		King of Monsters	GrimGrimoire		Twinkle Star Sprites		King of Fighters	Jumping Flash 2	Oddworld: Stranger’s Wrath			Osman
		Sayonara Wild Hearts		Karumuu-Cho No Daijiken	Karnaaj Rally	Super C	 Super Tennis		Secret Files Tunguska	Sprung	The World Ends With You				Spellbound		Klax	Growlanser Generations		Viewpoint		Lack of Love	Kagero: Deception II	Operation Flashpoint: Elite			Pachinko Sexy Reaction
		ScourgeBringer		Kid Dracula	Kill.switch	Tecmo Super Bowl	 Super Turrican 2		Shaun White Snowboarding	Super dodgeball brawlers	Theatrhythm: Final Fantasy				SPLIT PERSONALITIES		Landstalker	Gungrave		Voltage Fighter Gowgaizer		Legacy of Kain: Soul Reaver	Kaitei Daisensou/In The Hunt	Otogi			Pacman
		Sonar Shock		Kingdom Crusade / Legend of Prince Valiant	Kim Possible 2: Drakken’s Demise	Teenage Mutant Ninja Turtles II: The Arcade Game	 Teenage Mutant Ninja Turtles IV		Shiren the Wanderer	Tales of the tempest	Tom Clancy's Ghost Recon: Shadow Wars				SUPER SCRAMBLE SIMULATOR		Langrisser 2	Gungrave Overdose		Waku Waku 7		Looney Tunes: Space Race	Kartia: The Word of Fate/Legend of Kartia	Otogi 2			Puzzle & Action Tant-R
		Spookware		Knight Quest	Kingdom Hearts: Chain of Memories	Teenage Mutant Ninja Turtles III: The Manhattan Project	 Tetris Attack (USA)		Sin & Punishment Star Successor	The legendary Starfy	VVVVVV				Sweevo’s World		Light Crusader	Gungriffon Blaze		Windjammers (Flying Power Disk)		Maken X	Klonoa: Door to Phantomile	Outrun 2			Quantum
		superliminal		Kung-Fu Master	Klonoa 2: Dream Champ Tournament	Tetris	 Tiny Toon Adventures		Spectrobes Origins	The Wizard of Oz: Beyond the Yellow Brick Road	Xenoblade Chronicles 3DS				TECHNO COP		Madden Football	Half Life		World Heroes Perfect		Mars Matrix	Koudelka	Panzer Dragoon Orta			Rabbit
		Surmount		Legend of the River King	Klonoa: Empire of Dreams	The Bugs Bunny Birthday Blowout	 Top Gear 2		Speed Racer the Video Game	The World Ends With You	Yo Kai Watch Series				The great escape		Marvel Land	Haunting Ground / Demonto		Zed Blade / Operation Ragnarok		Marvel vs Capcom	Legend of Dragoon	Pariah			Racing Hero
		talos principle		Link to the Past	Konami Krazy Racers	The Guardian Legend	 U.N. Squadron		Spiderman the edge of time	Theatrhythm: Final Fantasy					THE MUNCHER		Masters of Monsters	Headhunter		Zintrick		Marvel vs. Capcom 2: New Age of Heroes	Little Big Adventure 2	Phantasy Star Online: Episodes I & II			Rally-X
		The Crackpet Show		Little Sound DJ (LSDJ)	Konjiki no Gash Bell!! Yuujou no Dengeki Dream Tag Tournament	Tiny Toon Adventures	 Ultimate Mortal Kombat 3		Star wars the force unleashed	Touch the Dead					The Rocky Horror Show		Mazin Saga: Mutant Fighter	Heatseeker		ZuPaPa!		MDK 2	Little Big Adventure	Phantom Crash			Risky Challenge
		The Land Beneath Us		Lock ’n Chase	kuru in paradise	Willow	 Uniracers		Tack of the movies 3d	Tokyo Beat Down					Three weeks in paradise		Mega Bomberman	Heavenly Guardian				Metropolis Street Racer	Looney Tunes Racing	Phantom Dust			Slipstream
		The Tower On The Borderland		Looney Tunes	Kuru Kuru Kururin	Xexyz	 X-Men - Mutant Apocalypse		The Kore Gang	Zoo Keeper					THUNDERBIRDS		Mega Turrican	Herdy Gerdy				Mr Driller	Looney Tunes: Sheep Raider	Pirates!			Sōkyūgurentai
		the witness		Looney Tunes Collector: Alert!	Lady Sia	Zoda’s Revenge: Star Tropics 2	 Zombies Ate My Neighbors		The Munchables						TRACK SUIT MANAGER		MERCS	Hokuto No Ken (Fist of the North Star)				Ms Pacman Maze Madness	Magic Carpet	Prince of Persia			Stargate
		Tiny Breakers Camp		Looney Tunes: Carrot Crazy	Lunar Legend				Thor god of thunder						TRANTOR: THE LAST STORMTROOPER		Mickey Mania	Ibara				Napple Tale: Arsia in Daydream	Marvel vs Capcom	Prisoner of War			Strike Force
		Ultros		Looney Tunes: Marvin Strikes Back!	Medal of Honor: Infiltrator				Top Shot Arcade						TRAP DOOR		Monster World IV	Ico				NBA 2K2	MDK	Psi-Ops			Team Hat Trick
		Venture To The Vile		LSDJ	Mobile Suit Gundam SEED: Battle Assault				Tornado Outbreak						TRAVEL WITH TRASHMAN		Mortal Kombat Series	In the Groove				NBA Showtime NBA on NBC	Megaman	Psychonauts			Tenkmori Shooting
		VIDEOVERSE		Lucle	Moto Racer Advance				Trackmania						TURBO ESPRIT		Ms. Pac-Man	Indigo Prophecy / Fahrenheit				NFL 2K2	Motor Toon Grand Prix	Puyo Pop Fever			The Cliffhanger: Edward Randy
		WE KILL MONSTERS		Macross 7: Ginga no Heart o Furuwa Sero!!	Mr. Driller 2				TV show king						VALHALLA		Musha a Last	Jade Cocoon 2				NFL Blitz 2001	Mr. Driller	Red Dead Revolver			The Outfoxies
		Wildmender		Magic Knight Rayearth	Muppet Pinball Mayhem				Vertigo						WRIGGLER		Mutant League Football	Kill.switch				NHL 2K2	Ms. Pac-Man Maze Madness	Roadkill			The Super Spy
		Windowkill		Magical Chase	Nicktoons racing				Wicked Monsters Blast!								Mutant League Hockey	Killer 7				OoogaBooga	N20 Nitrous Oxide	Robotech: Battlecry			Thunder Ceptor
		Withering Rooms		Maskrider SD	Ninja Five-O				World of zoo								NBA Jam TE	Kim Possible: What’s the Switch				Outtrigger	Nanotek Warrior	Rogue Trooper			Touki Densyou Angel Eyes
		World of Horror		megaman 3	One piece				Zack & Wiki								NFL With Joe Montana	King’s Field: The Ancient City				Pen Pen TriIcelon	Nectaris: Military Madness	Second Sight			Undercover Cops
		Yuppie Psycho		Metal Walker	Onimusha Tactics												Outlander	Klonoa 2: Lunatea’s Veil				Phantasy Star Online	Night Raid	Sega Soccer Slam			Uo Poko
		Yoku's island express		Mickey’s Speedway USA	Pinball of the Dead												OutRun	Kya: Dark Lineage				Plasma Sword	No One Can Stop Mr. Domino	Shadow of Memories			Violent Storm
				Microsoft Puzzle Collection	Puyo Pop												Outrun 2019	La Pucelle Tactics				Power Stone	Omega Boost	Shenmue II			Viper Phase 1 (New Version)
				Miner 2049er	Racing Gears Advance												Outrunners	Legend of Kay				Power Stone 2	Ore no Ryouri	Silent Hill			Voltage Fighter Gowcaizer
				Mole Mania	Rampage Puzzle Attack												Pac-Attack	Mad Maestro				Pro Pinball Trilogy	Pandemonium	Sniper Elite			War-Zard
				Momotarou Dengeki 1 & 2	Rescue Heroes												Panorama Cotton	Magic Pengel: The Quest for Color				Project Justice	Panzer Bandit	Sonic the Hedgehog			Wing Force
				Monster Max	River City Ransom EX												Phantasy Star II	Makai Kingdom: Chronicles of the Sacred Tome				Propeller Arena	Persona	Soul Calibur II			X-Multiply
				Montezuma’s Return	Riviera: The Promised Land												Phantasy Star III	Mark of Kri				Psychic Force 2012	Persona 2: Eternal Punishment	Spartan: Total Warrior			Xevious
				Nail ’n Scale	Robopon 2												Phantasy Star IV	MDK2 Armageddon				Psyvariar II	Philosoma	Spiderman			Xexex
				Namco Gallery Vol.3 (Sky Kid)	Rock ‘n Roll Racing												Phantom 2040	Mercury Meltdown Remix				Puyo Puyo Fever	Pocket Fighter/Super Game Fighter	Splinter Cell			Yellow Cab
				NanoLoop	Sabre Wulf												Populous	Metal Arms: Glitch in the System				Quake 3 Arena	Pong: The Next Level	Spy Hunter			Zaviga
				Nekketsu Kouha Kunio Kun	Samurai Deeper Kyo												Puggsy	Mister Mosquito				Radirgy	Pop'n Tanks	Spyro			
				nemesis 2	Scurge: Hive												Pulseman	MLB Power Pros				Rainbow Cotton	Poy Poy	Star Wars			
				Nettou King of Fighters ’96	Shaman King: Master of Spirits												Quackshot Starring Donald Duck	Mobile Light Force 2				Rayman 2	Pro Pinball	Steel Battalion			
				Ninja Boy 2	Shining Force: Resurrection of the Dark Dragon												Rainbow islands extra	Mojib Ribbon				Ready 2 Rumble Boxing	Psychic Force	Still Life			
				Ninja Gaiden Shadow	Shining Soul												Rambo III	Mojo				Record of the Lodoss War	R-Type Delta	Street Fighter Series			
				Ninja Spirit	Sigma Star Saga												Ranger X	Mortal Kombat Shaolin Monks				Red Dog: Superior Firepower	R/C Stunt Copter	Stubbs the Zombie: Rebel Without A Pulse			
				Ninja Taro	Silent Scope												Red Zone	MotoGP 3				Rent a Hero No. 1	Raiden	Sudeki			
				Noobow	Spiderman: The Movie												Revenge of Shinobi	Mushihime-sama				Resident Evil 2	Rakugaki Showtime	Syberia			
				operation c	Star Wars Episode III: Revenge of the Sith												Rings of Power	Naval Ops: Commander				Resident Evil 3	Ray Crisis Series Termination	Syberia II			
				Painter Momo Pie	Stuntman												Ristar	Neo-Geo Battle Coliseum				Resident Evil Code: Veronica	Rayman	Tao Feng: Fist of the Lotus			
				Peetan	Summon Night: Swordcraft Story												Road Blasters	Nightmare of Druaga				Revolt	RayStorm	The Bard’s Tale			
				Pokemon Puzzle Challenge	Summon Night: Swordcraft Story 2												Road Rash	NiGHTS in Dreams				Rez	Raytracers	The Incredible Hulk: Ultimate Destruction			
				Power Mission	Super Bust-A-Move												Rock N Roll Racing	Okage Shadow King				Sakura Taisen: Hanagumi Taisen Columns 2	RC de GO!	The Punisher			
				Puzzle Boy 1 & 2	Super Ghouls ‘n Ghosts												Rocket Knight Adventures	OutRun 2006: Coast 2 Coast				Samba De Amigo	Resident Evil	Thief: Deadly Shadows			
				Puzzle Master	Super Monkey Ball Jr.												Rolling Thunder 2	Phantom Brave				San Francisco Rush 2049	Return Fire	Timesplitters			
				Qix	Super Puzzle Fighter II												Rolling Thunder 3	Pinball Hall of Fame				Seaman	Rhapsody: A Musical Adventure	TimeSplitters: Future Perfect			
				Quarth	Sword of Mana												Sagaia/ Darius 2	Primal				Sega Bass Fishing 2	Ridge Racer	ToeJam & Earl III: Mission to Earth			
				Racin’ Ratz	Tactics Ogre: The Knight of Lodis												Samurai Shodown	Pro Race Driver				Sega GT	Rising Zan: The Samurai Gunman	Tron 2.0: Killer App			
				Rampart	Tales of Phantasia												Saturday Night Slam Masters	Project: Snowblind				Sega Marine Fishing	Rival Schools: United by Fate	Vexx			
				Rats!	The Lord of the Rings: Return of the king												Shadowrun	Psi-Ops: The Mindgate Conspiracy				Sega Rally Championship 2	Rogue Trip	Voodoo Vince			
				Ray-Thunder	The Lost Vikings												Shining Force	Psychonauts				Sega Swirl	Roll Away	Whiplash			
				Revenge of the ‘Gator	The Simpsons: Road Rage												Shining Force II	Psyvariar 2: Ultimate Final				SegaGaGa	Rollcage Stage 2	X-Men Legends			
				Rolan’s Curse	TMNT												Shining in the Darkness	Psyvariar Complete				Shadow Man	SaGa Frontier	X2: Wolverine’s Revenge			
				Rolan’s Curse II	Tokyo Xtreme Racer Advance												Skitchin	R.A.D. (Robot Alchemic Drive)				Shenmue	SaGa Frontier 2				
				Sabrina the Animated Series: Zapped!	Tom Clancy’s Splinter Cell												Snow Bros	Radiata Stories				Shenmue 2	Saiyuki: Journey West				
				Sagaia	Turbo Turtle Adventure												Soldiers of Fortune	Raiden III				Silver	Samurai Deeper Kyo				
				Samurai Showdown	Ultimate Brain Games												Sonic the Hedgehog	Raw Danger				Skies of Arcadia	Samurai Shodown RPG				
				shadow warrior	Ultimate Card Games												Spare Harrier 2	Ring of Red				Sonic Adventure	Sheep				
				Shanghai	Urban Yeti												Splatterhouse Series	Road Trip (Choro Q HG 2)				Sonic Adventure 2	Silent Bomber				
				Shanghai Pocket	V-Rallye 3												Starflight	Robotech: Battlecry				Soul Calibur	Silhouette Mirage				
				Shantae	X2: Wolverine’s Revenge												Steel Empire	Rumble Racing				Space Channel 5	Sim Theme Park				
				Shikinjou	Yggdra Union												Stormlord	Rygar: The Legendary Adventure				Star Wars: Episode I Racer	Skullmonkeys				
				Snoopy: Magic Show	Zoids: Legacy												Street Fighter II: SCE	Samurai Legend Musashi				Starlancer	Slap Happy Rhythm Busters				
				Snow Bros. Jr	Zone of the Enders: Fist of Mars												Streets of Rage Series	Second Sight				Street Fighter Alpha 3	Sled Storm				
				snow brothers													Strider	Sega Soccer Slam				Street Fighter III: Third Strike	Sonic Wings Special				
				Solar Striker													Sub-Terrania	Shadow Hearts: Covenant				Stupid Invaders	Soukyugurentai (Terra Driver)				
				solomon's club													Super Baseball 2020	Shadow Of Destiny / Shadow of Memories				Super Puzzle Fighter 2 X	Soul Blade				
				Soul caliber													Super Fantasy Zone	Shadow of Rome				Sword of the Berserk: Guts’ Rage	Speed Power Gunbike				
				Spanky’s Quest													Super Monaco GP	Shin Megami Tensei: Digital Devil Saga				Tech Romancer	Speed Punks				
				Spy vs. Spy: Operation Boobytrap													Super Thunder Blade	Shin Megami Tensei: Persona 3 FES				Tee Off Golf	Star Gladiator				
				Super puzzle fighter 2													Supremacy	Silpheed Lost Planet				Test Drive LeMans	Star Ocean: The Second Story				
				Survival Kids													Target Earth (Assault Suit Leynos)	Sky Gunner				The Last Blade 2	Street Fighter Alpha				
				SWIV													Taz-Mania	Sky Odyssey				The Lost Golem (Golem No Maigo)	Strider 2				
				Sword of Hope 1 & 2													Techno-Cop	Space Channel 5: Special Edition				Tokyo Bus Guide	Strikers 1945				
				tetris plus													Test Drive: The Duel	Sphinx and the Cursed Mummy				Tokyo Xtreme Racer: 2	Strikers 1945 II				
				The King of Fighters ’95													The Lost Vikings	Star Wars Racer Revenge				Tom Clancy’s Rainbow Six	Super Puzzle Fighter II Turbo				
				Toki Tori													The Ooze	Steambot Chronicles				Tony Hawk	Tactics Ogre				
				Tom and Jerry in Mouse Attacks													The Punisher	Stella Deus				Toy Commander	Tail Concerto				
				Trax													Thunder Force Series	Stretch Panic				Triggerheart Exelica	Team Buddies				
				Trip World													TMNT: The Hyperstone Heist	Summoner				Trizeal	Tekken 3				
				Trouballs/Puzz Loop													TMNT: Tournament Fighters	Summoner 2				Twinkle Star Sprites	Tempest X/Tempest 2000				
				Tumble Pop													Toe Jam & Earl	Swing Away Golf				Typing of The Dead	The Next Tetris				
				Tweety’s High-Flying Adventure													Top Gear 2	Syberia II				Ultimate Fighting Championship	Thousand Arms				
				Ultraman Ball													Truxton	Taiko Drum Master				Under Defeat	Thrasher: Skate and Destroy				
				Uno: Small World													Twinkle Tale	Tales of Legendia				Unreal Tournement	Threads of Fate				
				Vattle Giuce													Vectorman	Tales of the Abyss				V-Rally 2	Thunder Force V				
				Wacky Races													Viewpoint	Technic Beat				Vampire Chronicles	Tiny Tank: Up Your Arsenal				
				Warlocked													Virtua Racing	The Grim Adventures of Billy & Mandy				Vanishing Point	Tobal No. 1				
				Wendy: Every Witch Way													Virtual Bart	The King of Fighters ’94: Rebout				Vigilante 8: Second Offense	Tomb Raider				
				Woody Woodpecker Racing													Warsong (Langrisser 1)	The King of Fighters XI				Virtua Fighter 3tb	Tomba!				
				World Heroes 2 Jet													Weaponlord	The Punisher				Virtua Tennis	Tomba! 2				
				X-men mutant academy 2													Wiz 'n' Liz	The Red Star				Virtua Tennis 2	Trap Gunner				
				Yuu Yuu Hakusho series													Wonderboy	Tokyo Xtreme Racer Drift 2				Virtual On: Oratorio Tangram	Twinbee Yahoo Deluxe Pack				
																	World of Illusion	Transformers (not the movie game)				Wacky Races	Umihara Kawase Syun				
																	World Series Baseball	Trapt / Kagero 2: Dark Illusion				Wetrix	Unholy War				
																	X-Men	Tribes Aerial Assault				Wild Metal	Vacuum Kids / Kyuinn				
																	X-Men 2: Clone Wars	Twinkle Star Sprites: La Petite Princesse				World Series Baseball 2K2	Vandal Hearts				
																	Yu Yu Hakusho: Makyo Toitsusen	Urban Chaos: Riot Response				Worms World Party	Vandal Hearts 2				
																	Zany Golf	Urban Reign				Yu Suzuki Gameworks	Vanguard Bandits				
																	Zero Wing	V-Rally 3				Zero Gunner 2	Vib Ribbon				
																	Zombies Ate My Neighbors	Valkyrie Profile 2: Silmeria					Viewpoint				
																	Zoop	Vib Ripple					Warhawk				
																		Victorious Boxers 1 & 2					Wild 9				
																		War of the Monsters					Wipeout				
																		Warship Gunner 2					Wolf Fang				
																		Way of the Samurai					X-COM: UFO Defense				
																		Wizardry: Tale of the Forsaken Land					Zanac X Zanac				
																		WRC: World Rally Championship					Zero Divide				
																		XIII									
																		Ys: The Ark of Napishtim									
																		Zone of the Enders									
																		Zone of the Enders: The 2nd Runner									